sku,product_name,category,units_sold,ending_inventory,sell_through_rate,inventory_turnover
90068,"RUBY GLASS NECKLACE 42""",kitchen,1,98,0.010101010101010102,0.01015228426395939
85035b,CHOCOLATE 3 WICK MORRIS BOX CANDLE,home decor,1,97,0.01020408163265306,0.010256410256410256
77079,DOLPHIN WINDMILL,other,1,96,0.010309278350515464,0.010362694300518135
DCGS0070,CAMOUFLAGE DOG COLLAR,other,1,95,0.010416666666666666,0.010471204188481676
20703,BLUE PADDED SOFT MOBILE,other,1,94,0.010526315789473684,0.010582010582010581
72803b,OCEAN SCENT CANDLE JEWELLED DRAWER,home decor,1,94,0.010526315789473684,0.010582010582010581
90020,FILIGREE DIAMANTE CHAIN,other,1,93,0.010638297872340425,0.0106951871657754
84031a,CHARLIE+LOLA RED HOT WATER BOTTLE ,kitchen,1,92,0.010752688172043012,0.010810810810810811
47579,TEA TIME BREAKFAST BASKET,kitchen,1,91,0.010869565217391304,0.01092896174863388
84661a,WHITE SQUARE TABLE CLOCK,home decor,1,90,0.01098901098901099,0.011049723756906077
85036b,CHOCOLATE 1 WICK MORRIS BOX CANDLE,home decor,1,90,0.01098901098901099,0.011049723756906077
90184c,BLACK CHUNKY BEAD BRACELET W STRAP,other,1,89,0.011111111111111112,0.0111731843575419
22146,EASTER CRAFT IVY WREATH WITH CHICK,seasonal,1,87,0.011363636363636364,0.011428571428571429
47591b,SCOTTIES CHILDRENS APRON,other,1,87,0.011363636363636364,0.011428571428571429
84596l,BISCUITS SMALL BOWL LIGHT BLUE,home decor,1,86,0.011494252873563218,0.011560693641618497
m,Manual,other,1,86,0.011494252873563218,0.011560693641618497
85170A,SET/6 IVORY BIRD T-LIGHT CANDLES,home decor,1,84,0.011764705882352941,0.011834319526627219
90187A,BLUE DROP EARRINGS W BEAD CLUSTER,other,1,84,0.011764705882352941,0.011834319526627219
90081B,LILY BROOCH WHITE/SILVER COLOUR,other,1,82,0.012048192771084338,0.012121212121212121
35597A,DUSTY PINK CHRISTMAS TREE 30CM,seasonal,1,79,0.0125,0.012578616352201259
85034b,3 WHITE CHOC MORRIS BOXED CANDLES,home decor,1,79,0.0125,0.012578616352201259
85160a,WHITE BIRD GARDEN DESIGN MUG,home decor,1,75,0.013157894736842105,0.013245033112582781
84031b,CHARLIE LOLA BLUE HOT WATER BOTTLE ,kitchen,1,74,0.013333333333333334,0.013422818791946308
72802c,VANILLA SCENT CANDLE JEWELLED BOX,home decor,1,73,0.013513513513513514,0.013605442176870748
37474,SET/4 2 TONE EGG SHAPE MIXING BOWLS,kitchen,1,72,0.0136986301369863,0.013793103448275862
85049c,ROMANTIC PINKS RIBBONS ,gift/decorative,1,72,0.0136986301369863,0.013793103448275862
84227,HEN HOUSE W CHICK IN NEST,other,1,71,0.013888888888888888,0.013986013986013986
DCGS0069,OOH LA LA DOGS COLLAR,other,1,71,0.013888888888888888,0.013986013986013986
84510e,SET OF 4 GREEN CAROUSEL COASTERS,sets,1,70,0.014084507042253521,0.014184397163120567
21009,ETCHED GLASS STAR TREE DECORATION,home decor,1,68,0.014492753623188406,0.014598540145985401
21310,CAPIZ CHANDELIER,other,1,67,0.014705882352941176,0.014814814814814815
90178B,PURPLE CHUNKY GLASS+BEAD NECKLACE,kitchen,1,67,0.014705882352941176,0.014814814814814815
90100,NECKLACE+BRACELET SET PINK DAISY,sets,1,66,0.014925373134328358,0.015037593984962405
90025B,BAROQUE BUTTERFLY EARRINGS RED,other,1,66,0.014925373134328358,0.015037593984962405
84743C,ORANGE FELT VASE + FLOWERS,home decor,1,63,0.015625,0.015748031496062992
90152C,BLUE/NAT SHELL NECKLACE W PENDANT,stationery,1,63,0.015625,0.015748031496062992
37461,FUNKY MONKEY MUG,kitchen,1,61,0.016129032258064516,0.016260162601626018
22528,GARDENERS KNEELING PAD,other,1,60,0.01639344262295082,0.01652892561983471
84613C,BLUE NEW BAROQUE FLOCK CANDLESTICK,home decor,1,60,0.01639344262295082,0.01652892561983471
21491,SET OF THREE VINTAGE GIFT WRAPS,gift/decorative,1,58,0.01694915254237288,0.017094017094017096
90021,LASER CUT MULTI STRAND NECKLACE,other,1,58,0.01694915254237288,0.017094017094017096
90060B,FIRE POLISHED GLASS NECKL GOLD,kitchen,1,56,0.017543859649122806,0.017699115044247787
85179a,GREEN BITTY LIGHT CHAIN,home decor,1,54,0.01818181818181818,0.01834862385321101
84550,CROCHET LILAC/RED BEAR KEYRING,other,1,53,0.018518518518518517,0.018691588785046728
90092,BLUE CRYSTAL BOOT PHONE CHARM,other,1,53,0.018518518518518517,0.018691588785046728
90037A,TINY CRYSTAL BRACELET RED,kitchen,1,53,0.018518518518518517,0.018691588785046728
90135A,ORANGE/FUSCHIA STONES NECKLACE,other,1,53,0.018518518518518517,0.018691588785046728
21414,SCALLOP SHELL SOAP DISH,other,1,52,0.018867924528301886,0.01904761904761905
23602,SET 10 CARDS 3 WISE MEN 17107,gift/decorative,1,52,0.018867924528301886,0.01904761904761905
23609,SET 10 CARDS SNOWY ROBIN 17099,gift/decorative,1,51,0.019230769230769232,0.019417475728155338
23664,FLOWER SHOP DESIGN MUG,home decor,1,50,0.0196078431372549,0.019801980198019802
84661b,BLACK SQUARE TABLE CLOCK,home decor,1,50,0.0196078431372549,0.019801980198019802
46776b,WOVEN BERRIES CUSHION COVER ,other,1,49,0.02,0.020202020202020204
20964,POLYESTER FILLER PAD 60x40cm,other,2,96,0.02040816326530612,0.020618556701030927
90128C,GREEN LEAVES AND BEADS PHONE CHARM,other,2,96,0.02040816326530612,0.020618556701030927
90189A,SILVER 2 STRAND NECKLACE-LEAF CHARM,other,2,96,0.02040816326530612,0.020618556701030927
90128B,BLUE LEAVES AND BEADS PHONE CHARM,other,2,95,0.020618556701030927,0.020833333333333332
21186,WHITE DOVE HONEYCOMB PAPER GARLAND,stationery,2,94,0.020833333333333332,0.021052631578947368
21839,MUMMY MOUSE RED GINGHAM RIBBON,gift/decorative,1,47,0.020833333333333332,0.021052631578947368
90126A,PINK BERTIE MOBILE PHONE CHARM,other,1,47,0.020833333333333332,0.021052631578947368
DCGS0004,HAYNES CAMPER SHOULDER BAG,bags,1,47,0.020833333333333332,0.021052631578947368
90181C,BLACK GLASS/SHELL/PEARL NECKLACE,kitchen,1,46,0.02127659574468085,0.021505376344086023
20954,*USB Office Mirror Ball,home decor,2,90,0.021739130434782608,0.02197802197802198
23652,SET 10 CARD CHRISTMAS STAMPS 16963,gift/decorative,2,89,0.02197802197802198,0.022222222222222223
90025A,BAROQUE BUTTERFLY EARRINGS BLACK,other,2,88,0.022222222222222223,0.02247191011235955
23617,SET 10 CARDS SWIRLY XMAS TREE 17104,gift/decorative,2,87,0.02247191011235955,0.022727272727272728
84968f,SET OF 16 VINTAGE SKY BLUE CUTLERY,kitchen,1,43,0.022727272727272728,0.022988505747126436
90024E,NEW BAROQUE B'FLY NECKLACE MONTANA,other,2,85,0.022988505747126436,0.023255813953488372
21667,GLASS CAKE COVER AND PLATE,kitchen,2,84,0.023255813953488372,0.023529411764705882
90024D,NEW BAROQUE B'FLY NECKLACE PINK,other,2,84,0.023255813953488372,0.023529411764705882
90126C,AMBER BERTIE MOBILE PHONE CHARM,other,2,84,0.023255813953488372,0.023529411764705882
21410,COUNTRY COTTAGE  DOORSTOP GREEN,home decor,1,42,0.023255813953488372,0.023529411764705882
22218,CAKE STAND LACE WHITE,kitchen,1,42,0.023255813953488372,0.023529411764705882
62096B,PURPLE/TURQ FLOWERS HANDBAG,home decor,2,82,0.023809523809523808,0.024096385542168676
84614A,PINK BAROQUE FLOCK CANDLE HOLDER,home decor,2,82,0.023809523809523808,0.024096385542168676
20871,OPULENT VELVET SET/3 CANDLES,home decor,2,81,0.024096385542168676,0.024390243902439025
37509,NEW ENGLAND MUG W GIFT BOX,home decor,2,80,0.024390243902439025,0.024691358024691357
90112,PINK DOLLY HAIR CLIPS,other,2,79,0.024691358024691357,0.025
23630,SET 10 CARDS HANGING BAUBLES 17080,gift/decorative,2,75,0.025974025974025976,0.02631578947368421
85184c,SET 4 VALENTINE DECOUPAGE HEART BOX,home decor,2,75,0.025974025974025976,0.02631578947368421
21595,Dad's Cab Electronic Meter,other,2,74,0.02631578947368421,0.02666666666666667
46776e,WOVEN CANDY CUSHION COVER ,other,1,37,0.02631578947368421,0.02666666666666667
84569C,PACK 4 FLOWER/BUTTERFLY PATCHES,home decor,1,37,0.02631578947368421,0.02666666666666667
85036a,GARDENIA 1 WICK MORRIS BOXED CANDLE,home decor,2,73,0.02666666666666667,0.02702702702702703
85035a,GARDENIA 3 WICK MORRIS BOXED CANDLE,home decor,2,71,0.0273972602739726,0.027777777777777776
AMAZONFEE,AMAZON FEE,other,2,70,0.027777777777777776,0.028169014084507043
35833G,4 GOLD FLOCK CHRISTMAS BALLS,seasonal,2,68,0.02857142857142857,0.028985507246376812
23643,SET 10 CARDS CHRISTMAS BAUBLE 16954,gift/decorative,1,34,0.02857142857142857,0.028985507246376812
47016,LIGHT DECORATION BATTERY OPERATED,home decor,2,67,0.028985507246376812,0.029411764705882353
90140,PINK SWEETIE NECKLACE,other,2,66,0.029411764705882353,0.029850746268656716
84802A,WHITE ANEMONE ARTIFICIAL FLOWER,home decor,2,66,0.029411764705882353,0.029850746268656716
20906,VINTAGE NOTEBOOK BEAUTY GIRL,stationery,3,97,0.03,0.030456852791878174
90026D,GLASS BEAD HOOP NECKLACE AMETHYST,kitchen,3,97,0.03,0.030456852791878174
85035c,ROSE 3 WICK MORRIS BOX CANDLE,home decor,1,32,0.030303030303030304,0.03076923076923077
90127A,PINK BEADS+HAND PHONE CHARM,other,2,63,0.03076923076923077,0.03125
90011C,GREEN CRYSTAL DROP EARRINGS,other,2,61,0.031746031746031744,0.03225806451612903
90026B,GLASS BEAD HOOP NECKLACE MONTANA,kitchen,3,90,0.03225806451612903,0.03278688524590164
gift_0001_40,Dotcomgiftshop Gift Voucher £40.00,gift/decorative,3,90,0.03225806451612903,0.03278688524590164
23628,SET 10 CARDS TRIANGLE ICONS  17220,gift/decorative,1,30,0.03225806451612903,0.03278688524590164
84977,WIRE FLOWER T-LIGHT HOLDER,home decor,1,30,0.03225806451612903,0.03278688524590164
90142A,GREEN PENDANT SHELL NECKLACE,stationery,1,30,0.03225806451612903,0.03278688524590164
B,Adjust bad debt,other,1,30,0.03225806451612903,0.03278688524590164
85047,WHITE BEADED GARLAND STRING 20LIGHT,home decor,3,89,0.03260869565217391,0.03314917127071823
84689,S/2 BEACH HUT TREASURE CHESTS,other,3,88,0.03296703296703297,0.0335195530726257
23635,SET 10 CARDS CHRISTMAS HOLLY  17259,gift/decorative,3,87,0.03333333333333333,0.03389830508474576
90152B,BLUE/GREEN SHELL NECKLACE W PENDANT,stationery,2,58,0.03333333333333333,0.03389830508474576
85031B,BLOSSOM IMAGES SCRAP BOOK SET,sets,1,29,0.03333333333333333,0.03389830508474576
84963B,BLUE PAINTED KASHMIRI CHAIR,other,3,86,0.033707865168539325,0.03428571428571429
85115B,S/4 BLACK DISCO PARTITION PANEL,kitchen,3,85,0.03409090909090909,0.03468208092485549
84596g,SMALL CHOCOLATES PINK BOWL,kitchen,3,84,0.034482758620689655,0.03508771929824561
85126,LARGE ROUND CUTGLASS CANDLESTICK,home decor,2,56,0.034482758620689655,0.03508771929824561
84968B,SET OF 16 VINTAGE IVORY CUTLERY,kitchen,2,56,0.034482758620689655,0.03508771929824561
90067B,BROWN VINTAGE VICTORIAN EARRINGS,other,2,56,0.034482758620689655,0.03508771929824561
51014c,"FEATHER PEN,COAL BLACK",stationery,1,28,0.034482758620689655,0.03508771929824561
84620,BLUE GINGHAM ROSE CUSHION COVER,other,2,55,0.03508771929824561,0.03571428571428571
90052,CRACKED GLAZE NECKLACE BROWN,other,2,55,0.03508771929824561,0.03571428571428571
90128D,PURPLE LEAVES AND BEADS PHONE CHAR,other,2,54,0.03571428571428571,0.03636363636363636
35650,VINTAGE BEAD PINK JEWEL STAND,other,1,27,0.03571428571428571,0.03636363636363636
85119,WATERING CAN SINGLE HOOK PISTACHIO,other,1,27,0.03571428571428571,0.03636363636363636
90025E,BAROQUE BUTTERFLY EARRINGS MONTANA,other,1,27,0.03571428571428571,0.03636363636363636
90130D,RED STONE/CRYSTAL EARRINGS,other,3,79,0.036585365853658534,0.037267080745341616
85224,ASSORTED COLOUR SILK GLASSES CASE,kitchen,3,78,0.037037037037037035,0.03773584905660377
84731,3 BIRDS CANVAS SCREEN,other,2,52,0.037037037037037035,0.03773584905660377
84562A,PINK/WHITE RIBBED MELAMINE JUG,other,3,77,0.0375,0.03821656050955414
21268,VINTAGE BLUE TINSEL REEL,kitchen,2,51,0.03773584905660377,0.038461538461538464
84971l,LARGE HEART FLOWERS HOOK   ,home decor,2,51,0.03773584905660377,0.038461538461538464
15060b,FAIRY CAKE DESIGN UMBRELLA,home decor,3,75,0.038461538461538464,0.0392156862745098
90084,PINK CRYSTAL GUITAR PHONE CHARM,other,1,25,0.038461538461538464,0.0392156862745098
90176E,DIAMANTE NECKLACE GREEN,other,4,99,0.038834951456310676,0.039603960396039604
23615,SET 10 CARDS PRINTED GRAPHIC 17219,gift/decorative,4,97,0.039603960396039604,0.04040404040404041
90026C,GLASS BEAD HOOP NECKLACE GREEN,kitchen,4,96,0.04,0.04081632653061224
47503J,SET/3 FLORAL GARDEN TOOLS IN BAG,bags,3,72,0.04,0.04081632653061224
90034,WHITE SILVER NECKLACE SHELL GLASS,kitchen,2,48,0.04,0.04081632653061224
22016,Dotcomgiftshop Gift Voucher £100.00,gift/decorative,1,24,0.04,0.04081632653061224
35004P,SET OF 3 PINK FLYING DUCKS,sets,1,24,0.04,0.04081632653061224
23604,SET 10 MINI SANTA & SNOWMAN  17087,seasonal,4,95,0.04040404040404041,0.041237113402061855
90074,BLACK DIAMOND CLUSTER NECKLACE,other,4,95,0.04040404040404041,0.041237113402061855
82613b,"METAL SIGN,CUPCAKE SINGLE HOOK",home decor,4,95,0.04040404040404041,0.041237113402061855
90025F,BAROQUE BUTTERFLY EARRINGS CRYSTAL,other,4,95,0.04040404040404041,0.041237113402061855
DCGS0076,SUNJAR LED NIGHT NIGHT LIGHT,home decor,3,71,0.04054054054054054,0.041379310344827586
84660b,BLACK STITCHED WALL CLOCK,home decor,2,47,0.04081632653061224,0.041666666666666664
85049d,BRIGHT BLUES RIBBONS ,gift/decorative,2,47,0.04081632653061224,0.041666666666666664
90026A,GLASS BEAD HOOP NECKLACE BLACK,kitchen,2,47,0.04081632653061224,0.041666666666666664
90024C,NEW BAROQUE B'FLY NECKLACE GREEN,other,4,91,0.042105263157894736,0.043010752688172046
90016C,SILVER/BLACK PENDANT ORBIT NECKLACE,stationery,3,68,0.04225352112676056,0.04316546762589928
90069,RUBY GLASS CLUSTER NECKLACE,kitchen,2,45,0.0425531914893617,0.043478260869565216
90048,GREEN WITH METAL BAG CHARM,bags,3,66,0.043478260869565216,0.044444444444444446
90128A,PINK LEAVES AND BEADS PHONE CHARM,other,3,65,0.04411764705882353,0.045112781954887216
90077,BLACK DIAMOND CLUSTER EARRINGS,other,3,64,0.04477611940298507,0.04580152671755725
gift_0001_50,Dotcomgiftshop Gift Voucher £50.00,gift/decorative,4,84,0.045454545454545456,0.046511627906976744
35597B,BLACKCHRISTMAS TREE 30CM,seasonal,1,21,0.045454545454545456,0.046511627906976744
84795C,OCEAN STRIPE HAMMOCK ,other,2,41,0.046511627906976744,0.047619047619047616
85034a,3 GARDENIA MORRIS BOXED CANDLES,home decor,3,61,0.046875,0.048
22764,"RUSTIC WOODEN CABINET, GLASS DOORS",home decor,5,97,0.049019607843137254,0.05025125628140704
90131,PINK/AMETHYST/GOLD NECKLACE,other,5,97,0.049019607843137254,0.05025125628140704
84968d,SET OF 16 VINTAGE RED CUTLERY,kitchen,3,58,0.04918032786885246,0.05042016806722689
84536b,FAIRY CAKES NOTEBOOK A7 SIZE,kitchen,5,96,0.04950495049504951,0.050761421319796954
72807b,SET/3 OCEAN SCENT CANDLE JEWEL BOX,home decor,4,76,0.05,0.05128205128205128
84975,HEART SHAPED MIRROR,home decor,5,94,0.050505050505050504,0.05181347150259067
21661,VINTAGE GLASS TEA CADDY,kitchen,3,56,0.05084745762711865,0.05217391304347826
35591T,TURQUOISE CHRISTMAS TREE ,seasonal,5,93,0.05102040816326531,0.05235602094240838
23650,SET 10 CARDS FILIGREE BAUBLE 16961,gift/decorative,4,74,0.05128205128205128,0.05263157894736842
90036B,"FLOWER GLASS GARLAND NECKL.36""GREEN",home decor,4,74,0.05128205128205128,0.05263157894736842
90035C,"PEARL & SHELL 42""NECKL. IVORY",other,2,37,0.05128205128205128,0.05263157894736842
23634,SET 10 CARDS XMAS CHOIR 17068,gift/decorative,5,91,0.052083333333333336,0.053475935828877004
90037C,TINY CRYSTAL BRACELET BLUE,kitchen,5,91,0.052083333333333336,0.053475935828877004
20861,GOLD COSMETIC BAG PINK STAR,bags,2,36,0.05263157894736842,0.05405405405405406
20892,SET/3 TALL GLASS CANDLE HOLDER PINK,home decor,4,71,0.05333333333333334,0.0547945205479452
37491D,PURPLE/BLUE CERAMIC CANDLE HOLDER,home decor,4,71,0.05333333333333334,0.0547945205479452
23605,SET 10 CARDS 12 DAYS OF XMAS 17059,gift/decorative,4,69,0.0547945205479452,0.056338028169014086
90053,CRACKED GLAZE EARRINGS IVORY,other,4,69,0.0547945205479452,0.056338028169014086
47574B,ENGLISH ROSE SCENTED HANGING HEART,home decor,4,68,0.05555555555555555,0.05714285714285714
90195B,BLACK GEMSTONE BRACELET,other,4,68,0.05555555555555555,0.05714285714285714
90136,PALE PINK/AMETHYST STONE NECKLACE,other,3,51,0.05555555555555555,0.05714285714285714
35609A,PINK FEATHER CHRISTMAS DECORATION,home decor,1,17,0.05555555555555555,0.05714285714285714
85031C,CURIOUS IMAGES SCRAP BOOK SET,sets,3,50,0.05660377358490566,0.05825242718446602
47593b,SCOTTIE DOGS BABY BIB,other,6,97,0.05825242718446602,0.06
85231b,CINAMMON SET OF 9 T-LIGHTS,home decor,3,48,0.058823529411764705,0.06060606060606061
21120,*Boombox Ipod Classic,home decor,1,16,0.058823529411764705,0.06060606060606061
90183c,BLACK DROP EARRINGS W LONG BEADS,other,1,16,0.058823529411764705,0.06060606060606061
90049,IVORY GOLD METAL BAG CHARM,bags,5,79,0.05952380952380952,0.06134969325153374
20678,LARGE BLACK DIAMANTE HAIRSLIDE,other,4,63,0.05970149253731343,0.06153846153846154
90141D,ROSE PENDANT TRIPLE SHELL NECKLACE,stationery,4,63,0.05970149253731343,0.06153846153846154
21827,EIGHT PIECE CREEPY CRAWLIE SET,sets,6,94,0.06,0.061855670103092786
90159,COTE D'AZURE NECKLACE,other,6,94,0.06,0.061855670103092786
90060F,FIRE POLISHED GLASS NECKL GREEN,kitchen,6,94,0.06,0.061855670103092786
23610,SET 10 CARDS CHRISTMAS ROBIN 17095,gift/decorative,3,47,0.06,0.061855670103092786
37330,BIG POLKADOT MUG,kitchen,6,92,0.061224489795918366,0.06315789473684211
37379A,PINK CHERRY BLOSSOM CUP & SAUCER,kitchen,6,92,0.061224489795918366,0.06315789473684211
23624,SET 10 CARD PERFECT NATIVITY 17089,gift/decorative,4,61,0.06153846153846154,0.06349206349206349
90196B,BLACK GEMSTONE NECKLACE 45CM,other,5,76,0.06172839506172839,0.06369426751592357
84613A,PINK NEW BAROQUE FLOCK CANDLESTICK,home decor,6,91,0.061855670103092786,0.06382978723404255
46776a,WOVEN BUBBLE GUM CUSHION COVER,other,5,75,0.0625,0.06451612903225806
37464,ROBOT MUG IN DISPLAY BOX,home decor,3,45,0.0625,0.06451612903225806
44265,M/COLOUR POM-POM CURTAIN,other,2,30,0.0625,0.06451612903225806
82613a,"METAL SIGN,CUPCAKE SINGLE HOOK",home decor,1,15,0.0625,0.06451612903225806
23621,SET 10 CARDS DAVID'S MADONNA 17074,gift/decorative,6,89,0.06315789473684211,0.06521739130434782
90141E,ORANGE PENDANT TRIPLE SHELL NECKLAC,stationery,5,74,0.06329113924050633,0.06535947712418301
90013D,PURPLE VINTAGE EARRINGS,other,6,88,0.06382978723404255,0.06593406593406594
23633,SET 10 CARDS WORLD CHILDREN 17067,gift/decorative,3,44,0.06382978723404255,0.06593406593406594
21836,GINGHAM OVEN GLOVE RED HEART ,home decor,5,73,0.0641025641025641,0.06622516556291391
22206,"MUG , DOTCOMGIFTSHOP.COM ",kitchen,5,73,0.0641025641025641,0.06622516556291391
23608,SET 10 CARDS RUDOLPHS NOSE 17097,gift/decorative,4,58,0.06451612903225806,0.06666666666666667
90156,RESIN BRACELET W PASTEL BEADS,other,4,58,0.06451612903225806,0.06666666666666667
90014C,SILVER/BLACK ORBIT NECKLACE,other,5,72,0.06493506493506493,0.06711409395973154
90179A,AMBER FINE BEAD NECKLACE W TASSEL,other,6,85,0.06593406593406594,0.06818181818181818
84632,DECORATIVE HANGING SHELVING UNIT,home decor,6,84,0.06666666666666667,0.06896551724137931
79157B,UBO-LIGHT TRIOBASE BLUE,home decor,4,56,0.06666666666666667,0.06896551724137931
79161A,ST GEORGE SET OF 10 PARTY LIGHTS,home decor,2,28,0.06666666666666667,0.06896551724137931
84856L,LARGE TAHITI BEACH BAG,bags,2,28,0.06666666666666667,0.06896551724137931
85049b,LUSH GREENS RIBBONS,gift/decorative,2,28,0.06666666666666667,0.06896551724137931
90011E,AMBER CRYSTAL DROP EARRINGS,other,3,41,0.06818181818181818,0.07058823529411765
90180B,PURPLE AMETHYST NECKLACE W TASSEL,other,5,68,0.0684931506849315,0.07092198581560284
16244B,MAXWELL 2 TONE BLUE 60 PAGE PHOTO A,other,7,95,0.06862745098039216,0.07106598984771574
90011A,MIDNIGHT BLUE CRYSTAL DROP EARRINGS,other,6,81,0.06896551724137931,0.07142857142857142
90042C,FRESHWATER PEARL BRACELET IVORY,other,5,67,0.06944444444444445,0.07194244604316546
90123D,WHITE HEART OF GLASS BRACELET,home decor,6,80,0.06976744186046512,0.07228915662650602
37444B,BLUE BREAKFAST CUP AND SAUCER ,kitchen,4,53,0.07017543859649122,0.07272727272727272
90055,CRACKED GLAZE EARRINGS BROWN,other,5,66,0.07042253521126761,0.072992700729927
90001C,ANTIQUE OPAL WHITE FLOWER EARRINGS,home decor,5,66,0.07042253521126761,0.072992700729927
90152A,SILVER/NAT SHELL NECKLACE W PENDANT,stationery,5,66,0.07042253521126761,0.072992700729927
90039C,FIRE POLISHED GLASS BRACELET BLACK,kitchen,6,79,0.07058823529411765,0.07317073170731707
84201C,HAPPY BIRTHDAY CARD TEDDY/CAKE,kitchen,5,65,0.07142857142857142,0.07407407407407407
90176B,DIAMANTE NECKLACE BLACK ,other,4,52,0.07142857142857142,0.07407407407407407
90065B,BLACK VINT ART DEC CRYSTAL BRACELET,other,2,26,0.07142857142857142,0.07407407407407407
21160,KEEP OUT GIRLS DOOR HANGER ,home decor,1,13,0.07142857142857142,0.07407407407407407
84773,RED ROSE AND LACE C/COVER,other,3,38,0.07317073170731707,0.0759493670886076
90176A,CLASSIC DIAMANTE NECKLACE JET,other,3,38,0.07317073170731707,0.0759493670886076
23644,SET 10 CARDS CHRISTMAS TREE 16955,gift/decorative,5,63,0.07352941176470588,0.07633587786259542
23654,SET 10 CARD SNOWMAN 16965,gift/decorative,5,63,0.07352941176470588,0.07633587786259542
21895,POTTING SHED SOW 'N' GROW SET,kitchen,2,25,0.07407407407407407,0.07692307692307693
84499,BLACK FLOWER CANDLE PLATE,home decor,7,87,0.07446808510638298,0.07734806629834254
90001A,ANTIQUE RASPBERRY FLOWER EARRINGS,home decor,5,62,0.07462686567164178,0.07751937984496124
90151,SILVER/NATURAL SHELL NECKLACE,other,8,99,0.07476635514018691,0.07766990291262135
37491C,GREEN/BLUE CERAMIC CANDLE HOLDER,home decor,8,99,0.07476635514018691,0.07766990291262135
85231g,ORANGE SCENTED SET/9 T-LIGHTS,home decor,6,74,0.075,0.07792207792207792
85225,BLING KEY RING STAND,other,6,73,0.0759493670886076,0.07894736842105263
90179B,PURPLE FINE BEAD NECKLACE W TASSEL,other,3,36,0.07692307692307693,0.08
84596b,SMALL DOLLY MIX DESIGN ORANGE BOWL,home decor,7,83,0.07777777777777778,0.08092485549132948
90137,PINK COMBO MINI CRYSTALS NECKLACE,other,3,35,0.07894736842105263,0.0821917808219178
90025D,BAROQUE BUTTERFLY EARRINGS PINK,other,3,35,0.07894736842105263,0.0821917808219178
90024F,NEW BAROQUE B'FLY NECKLACE CRYSTAL,other,5,58,0.07936507936507936,0.08264462809917356
90039A,FIRE POLISHED GLASS BRACELET RED,kitchen,8,92,0.08,0.08333333333333333
23649,SET 10 CARDS DECK THE HALLS 16960,gift/decorative,2,23,0.08,0.08333333333333333
90078,PINK/WHITE GLASS DEMI CHOKER,kitchen,2,23,0.08,0.08333333333333333
90176C,DIAMANTE NECKLACE,other,3,34,0.08108108108108109,0.08450704225352113
90178A,AMBER CHUNKY GLASS+BEAD NECKLACE,kitchen,8,90,0.08163265306122448,0.0851063829787234
84593,CROCHET ROSE DES CLOTHES HANGER,home decor,5,56,0.08196721311475409,0.08547008547008547
84558a,3D DOG PICTURE PLAYING CARDS,home decor,5,56,0.08196721311475409,0.08547008547008547
20793,BLUE TILED TRAY,kitchen,8,88,0.08333333333333333,0.08695652173913043
90212C,PURPLE LAS VEGAS BRACELET ROUND,other,7,77,0.08333333333333333,0.08695652173913043
47518f,ICON PLACEMAT POP ART ELVIS,other,5,55,0.08333333333333333,0.08695652173913043
84509b,SET OF 4 FAIRY CAKE PLACEMATS,kitchen,5,55,0.08333333333333333,0.08695652173913043
90046,WHITE WITH METAL BAG CHARM,bags,3,33,0.08333333333333333,0.08695652173913043
84803A,PINK ALLIUM  ARTIFICIAL FLOWER,home decor,3,33,0.08333333333333333,0.08695652173913043
22323,PINK POLKADOT KIDS BAG,bags,1,11,0.08333333333333333,0.08695652173913043
21228,"POCKET MIRROR ""GLAMOROUS""",home decor,5,54,0.0847457627118644,0.08849557522123894
23612,SET 10 MINICARDS CUTE SNOWMAN 17071,gift/decorative,5,54,0.0847457627118644,0.08849557522123894
90155,RESIN NECKLACE W PASTEL BEADS,other,9,97,0.08490566037735849,0.08866995073891626
21763,VINTAGE WOODEN BAR STOOL,other,6,64,0.08571428571428572,0.08955223880597014
90060D,FIRE POLISHED GLASS NECKL BRONZE,kitchen,3,32,0.08571428571428572,0.08955223880597014
72807c,SET/3 VANILLA SCENTED CANDLE IN BOX,home decor,5,53,0.08620689655172414,0.09009009009009009
84802B,PURPLE ANEMONE ARTIFICIAL FLOWER,home decor,4,42,0.08695652173913043,0.09090909090909091
20820,SILVER LOOKING MIRROR,home decor,5,52,0.08771929824561403,0.09174311926605505
90179C,BLACK FINE BEAD NECKLACE W TASSEL,other,6,62,0.08823529411764706,0.09230769230769231
35645,VINTAGE BEAD PINK JEWEL BOX,home decor,4,41,0.08888888888888889,0.09302325581395349
84675,FROG KING WATERING CAN,other,9,91,0.09,0.09424083769633508
90027C,GLASS BEAD HOOP EARRINGS GREEN,kitchen,5,50,0.09090909090909091,0.09523809523809523
90056,CHUNKY CRACKED GLAZE NECKLACE IVORY,other,4,40,0.09090909090909091,0.09523809523809523
20860,GOLD COSMETICS BAG WITH BUTTERFLY,bags,1,10,0.09090909090909091,0.09523809523809523
90176D,DIAMANTE NECKLACE PURPLE,other,7,69,0.09210526315789473,0.09655172413793103
90027A,GLASS BEAD HOOP EARRINGS BLACK,kitchen,6,59,0.09230769230769231,0.0967741935483871
90199B,5 STRAND GLASS NECKLACE AMETHYST,kitchen,9,88,0.09278350515463918,0.0972972972972973
35909A,RABBIT EASTER DECORATION,home decor,8,78,0.09302325581395349,0.0975609756097561
72798C,SET/4 GARDEN ROSE DINNER CANDLE,home decor,7,68,0.09333333333333334,0.0979020979020979
79192A,RETRO PLASTIC 70'S TRAY,kitchen,3,29,0.09375,0.09836065573770492
90011D,PURPLE CRYSTAL DROP EARRINGS,other,3,29,0.09375,0.09836065573770492
90188,DROP EARRINGS W FLOWER & LEAF,home decor,10,95,0.09523809523809523,0.1
90162D,ANT SILVER PURPLE BOUDICCA RING,other,10,95,0.09523809523809523,0.1
84856S,SMALL TAHITI BEACH BAG,bags,4,38,0.09523809523809523,0.1
84963A,PINK PAINTED KASHMIRI CHAIR,other,4,38,0.09523809523809523,0.1
23638,SET 10 CARDS ROBIN WATERPUMP  17096,gift/decorative,2,19,0.09523809523809523,0.1
37491B,BLUE/YELLOW CERAMIC CANDLE HOLDER,home decor,4,37,0.0975609756097561,0.10256410256410256
90082D,DIAMANTE BOW BROOCH BLACK COLOUR,other,10,92,0.09803921568627451,0.10309278350515463
84968a,SET OF 16 VINTAGE ROSE CUTLERY,kitchen,5,46,0.09803921568627451,0.10309278350515463
90199D,5 STRAND GLASS NECKLACE AMBER,kitchen,6,53,0.1016949152542373,0.10714285714285714
84387A,BIRD ON BRANCH CANVAS SCREEN,other,11,97,0.10185185185185185,0.1073170731707317
90041,PEARL AND CHERRY QUARTZ BRACLET,other,5,44,0.10204081632653061,0.10752688172043011
84922,PINK BUTTERFLY WASHBAG,bags,9,79,0.10227272727272728,0.10778443113772455
84206C,CHAMPAGNE TRAY BLANK CARD,kitchen,8,70,0.10256410256410256,0.10810810810810811
72815,3 WICK CHRISTMAS BRIAR CANDLE ,home decor,3,26,0.10344827586206896,0.10909090909090909
90042A,FRESHWATER PEARL BRACELET GOLD,other,3,26,0.10344827586206896,0.10909090909090909
22828,REGENCY MIRROR WITH SHUTTERS,home decor,10,86,0.10416666666666667,0.10989010989010989
23639,SET 10 CARDS MAGICAL TREE 17086,gift/decorative,4,34,0.10526315789473684,0.1111111111111111
23702,High Resolution Image,other,4,34,0.10526315789473684,0.1111111111111111
21594,Dr. Jam's Arouzer Stress Ball,other,2,17,0.10526315789473684,0.1111111111111111
84534b,FAIRY CAKE NOTEBOOK A5 SIZE,kitchen,2,17,0.10526315789473684,0.1111111111111111
84873A,FUNKY FLOWER PICNIC BAG FOR 4,home decor,2,17,0.10526315789473684,0.1111111111111111
72821,CUPID SCENTED CANDLE IN GLASS,home decor,11,92,0.10679611650485436,0.11282051282051282
23640,SET 10 CARDS SCOTTIE DOG 17211,gift/decorative,9,75,0.10714285714285714,0.11320754716981132
23637,SET 10 CARDS OUT OF ORDER 17216,gift/decorative,11,91,0.10784313725490197,0.11398963730569948
90206A,GOLD DIAMANTE STAR BROOCH,other,12,99,0.10810810810810811,0.11428571428571428
84465,15 PINK FLUFFY CHICKS IN BOX,home decor,10,82,0.10869565217391304,0.11494252873563218
90212B,JET BLACK LAS VEGAS BRACELET ROUND,other,10,81,0.10989010989010989,0.11627906976744186
46776f,WOVEN ROSE GARDEN CUSHION COVER ,other,7,56,0.1111111111111111,0.11764705882352941
90181A,AMBER GLASS/SHELL/PEARL NECKLACE,kitchen,7,56,0.1111111111111111,0.11764705882352941
90132,LIGHT TOPAZ TEAL/AQUA COL NECKLACE,home decor,3,24,0.1111111111111111,0.11764705882352941
20851,ZINC HEART LATTICE TRAY OVAL ,home decor,9,71,0.1125,0.11920529801324503
90199A,5 STRAND GLASS NECKLACE BLACK,kitchen,11,86,0.1134020618556701,0.12021857923497267
90102,WHITE FRANGIPANI HAIR CLIP,kitchen,10,77,0.11494252873563218,0.12195121951219512
90037B,TINY CRYSTAL BRACELET GREEN,kitchen,10,77,0.11494252873563218,0.12195121951219512
90054,CRACKED GLAZE EARRINGS RED,other,9,69,0.11538461538461539,0.12244897959183673
90162A,ANT SILVER TURQUOISE BOUDICCA RING,other,6,46,0.11538461538461539,0.12244897959183673
20910,VINTAGE PHOTO ALBUM PARIS DAYS,other,8,61,0.11594202898550725,0.12307692307692308
23620,SET 10 CARDS PERFECT POST 17090,gift/decorative,10,76,0.11627906976744186,0.12345679012345678
21416,CLAM SHELL LARGE,other,5,38,0.11627906976744186,0.12345679012345678
90035A,"PEARL & SHELL 42""NECKL. GREEN",other,5,38,0.11627906976744186,0.12345679012345678
90018C,SILVER BLACK ORBIT DROP EARRINGS,other,12,91,0.11650485436893204,0.12371134020618557
90124B,BLUE MURANO TWIST NECKLACE,other,12,91,0.11650485436893204,0.12371134020618557
90010B,BLACK/WHITE GLASS/SILVER BRACELET,kitchen,11,83,0.11702127659574468,0.12429378531073447
90163A,PINK ROSEBUD & PEARL NECKLACE,other,12,90,0.11764705882352941,0.125
84596e,SMALL LICORICE DES PINK BOWL,kitchen,10,75,0.11764705882352941,0.125
79323B,BLACK CHERRY LIGHTS,home decor,8,60,0.11764705882352941,0.125
85160A,WHITE BIRD GARDEN DESIGN MUG,home decor,6,45,0.11764705882352941,0.125
47570b,TEA TIME TABLE CLOTH,kitchen,2,15,0.11764705882352941,0.125
S,SAMPLES,other,2,15,0.11764705882352941,0.125
90125E,AMBER BERTIE GLASS BEAD BAG CHARM,kitchen,11,82,0.11827956989247312,0.12571428571428572
90183C,BLACK DROP EARRINGS W LONG BEADS,other,9,67,0.11842105263157894,0.1258741258741259
10123C,HEARTS WRAPPING TAPE ,home decor,5,37,0.11904761904761904,0.12658227848101267
PADS,PADS TO MATCH ALL CUSHIONS,other,3,22,0.12,0.1276595744680851
90002D,FLOWER BURST SILVER RING CRYSTAL,home decor,13,95,0.12037037037037036,0.12807881773399016
84984D,ORIENTAL RED CUSHION COVER ,other,13,94,0.12149532710280374,0.12935323383084577
21144,PINK POODLE HANGING DECORATION ,home decor,5,36,0.12195121951219512,0.12987012987012986
90211A,DIAMOND LAS VEGAS NECKLACE 45CM,other,12,86,0.12244897959183673,0.13043478260869565
22351,DOTCOMGIFTSHOP TEA TOWEL,kitchen,13,93,0.12264150943396226,0.1306532663316583
84201B,HAPPY BIRTHDAY CARD STRIPEY TEDDY,gift/decorative,13,93,0.12264150943396226,0.1306532663316583
37351,ORANGE FLOWER MUG ,home decor,10,71,0.12345679012345678,0.13157894736842105
85195,HANGING HEART BASKET,home decor,11,78,0.12359550561797752,0.1317365269461078
90167,BEADED LOVE HEART JEWELLERY SET,home decor,10,70,0.125,0.13333333333333333
90175C,BLUE GLASS CHUNKY CHARM BRACELET,kitchen,9,63,0.125,0.13333333333333333
21757,LIGHTHOUSE PRINTED METAL SIGN,home decor,6,42,0.125,0.13333333333333333
85136B,BLUE SHARK HELICOPTER,other,2,14,0.125,0.13333333333333333
35400,WOODEN BOX ADVENT CALENDAR ,home decor,10,69,0.12658227848101267,0.13513513513513514
90211B,JET BLACK LAS VEGAS NECKLACE 45CM,other,9,62,0.1267605633802817,0.13533834586466165
90186A,AMETHYST HOOP EARRING FLORAL LEAF,other,12,82,0.1276595744680851,0.13636363636363635
82613c,"METAL SIGN,CUPCAKE SINGLE HOOK",home decor,5,34,0.1282051282051282,0.136986301369863
84706D,CHERRY BLOSSOM TABLE CLOCK ,home decor,8,54,0.12903225806451613,0.13793103448275862
23463,VINTAGE ZINC WATERING CAN,other,13,87,0.13,0.13903743315508021
90019C,SILVER BLACK ORBIT BRACELET,other,13,87,0.13,0.13903743315508021
17174,ASSTD RASTA KEY-CHAINS,other,9,60,0.13043478260869565,0.13953488372093023
84575A,PINK DOG CANNISTER,other,14,93,0.1308411214953271,0.14
90177B,DROP DIAMANTE EARRINGS BLACK DIAMON,other,14,93,0.1308411214953271,0.14
84824,DANISH ROSE UMBRELLA STAND,other,2,13,0.13333333333333333,0.14285714285714285
84990,60 GOLD AND SILVER FAIRY CAKE CASES,kitchen,2,13,0.13333333333333333,0.14285714285714285
82605,OLD DOC RUSSEL METAL SIGN,home decor,14,90,0.1346153846153846,0.14432989690721648
90023,FILIGREE DIAMANTE EARRINGS,other,13,83,0.13541666666666666,0.1452513966480447
84679,CLASSICAL ROSE TABLE LAMP,home decor,6,38,0.13636363636363635,0.14634146341463414
45013,FOLDING SHOE TIDY,other,3,19,0.13636363636363635,0.14634146341463414
90051,CRACKED GLAZE NECKLACE RED,other,10,63,0.136986301369863,0.14705882352941177
90141C,TURQ PENDANT TRIPLE SHELL NECKLACE,stationery,10,63,0.136986301369863,0.14705882352941177
90050,CRACKED GLAZE NECKLACE IVORY,other,8,50,0.13793103448275862,0.14814814814814814
90190B,GOLD/AMBER DROP EARRINGS W LEAF,other,13,81,0.13829787234042554,0.14857142857142858
90123C,GREEN HEART OF GLASS BRACELET,home decor,14,87,0.13861386138613863,0.14893617021276595
90122B,JADE CRYSTAL+GLASS BRACELET,kitchen,6,37,0.13953488372093023,0.15
48173c,DOORMAT BLACK FLOCK ,home decor,15,92,0.14018691588785046,0.1507537688442211
90190A,SILVER/CRYSTAL DROP EARRINGS W LEAF,other,16,98,0.14035087719298245,0.1509433962264151
35809a,ENAMEL PINK TEA CONTAINER,kitchen,9,55,0.140625,0.15126050420168066
90040A,MURANO STYLE GLASS BRACELET RED,kitchen,14,85,0.1414141414141414,0.15217391304347827
23574,PACKING CHARGE,sets,14,84,0.14285714285714285,0.15384615384615385
gift_0001_30,Dotcomgiftshop Gift Voucher £30.00,gift/decorative,7,42,0.14285714285714285,0.15384615384615385
84840,SWEETHEART CARRY-ALL BASKET,home decor,6,36,0.14285714285714285,0.15384615384615385
21681,GIANT MEDINA STAMPED METAL BOWL ,kitchen,2,12,0.14285714285714285,0.15384615384615385
35598C,WHITE CHRISTMAS TREE 60CM,seasonal,2,12,0.14285714285714285,0.15384615384615385
35910B,PINK FLOWERS RABBIT EASTER,home decor,13,77,0.14444444444444443,0.15568862275449102
21370,MIRRORED WALL ART FOXY,home decor,16,94,0.14545454545454545,0.1568627450980392
16202A,PASTEL PINK PHOTO ALBUM ,other,7,41,0.14583333333333334,0.15730337078651685
85067,CREAM SWEETHEART WALL CABINET,home decor,7,40,0.14893617021276595,0.16091954022988506
17028J,INCENSE BAZAAR PEACH,other,6,34,0.15,0.16216216216216217
84617,NEW BAROQUE BLACK BOXES,home decor,3,17,0.15,0.16216216216216217
90027B,GLASS BEAD HOOP EARRINGS MONTANA,kitchen,3,17,0.15,0.16216216216216217
23646,SET 10 CARDS JINGLE BELLS 16957,gift/decorative,8,45,0.1509433962264151,0.16326530612244897
90001B,ANTIQUE MID BLUE FLOWER EARRINGS,home decor,5,28,0.15151515151515152,0.16393442622950818
84881,BLUE WIRE SPIRAL CANDLE HOLDER,home decor,12,67,0.1518987341772152,0.1643835616438356
84706F,RED PEONY TABLE CLOCK,home decor,16,88,0.15384615384615385,0.16666666666666666
90067A,PINK VINTAGE VICTORIAN EARRINGS,other,14,77,0.15384615384615385,0.16666666666666666
62043B,BLUE CHECK BAG W HANDLE 34X20CM,bags,17,93,0.15454545454545454,0.16748768472906403
90024B,NEW BAROQUE B'FLY NECKLACE RED,other,8,43,0.1568627450980392,0.1702127659574468
90036F,"FLOWER GLASS GARLD NECKL36""TURQUOIS",home decor,8,43,0.1568627450980392,0.1702127659574468
84842,HELLO SAILOR BATHROOM SET,sets,14,75,0.15730337078651685,0.17073170731707318
90146,FINE SILVER NECKLACE W PASTEL FLOWE,other,17,91,0.1574074074074074,0.1708542713567839
84462,3 PINK HEN+CHICKS IN BASKET,other,12,64,0.15789473684210525,0.17142857142857143
84705C,PINK FLOCK PHOTO FRAME ,home decor,12,64,0.15789473684210525,0.17142857142857143
21275,ZINC TOP  2 DOOR WOODEN SHELF ,home decor,13,69,0.15853658536585366,0.17218543046357615
gift_0001_20,Dotcomgiftshop Gift Voucher £20.00,gift/decorative,10,53,0.15873015873015872,0.1724137931034483
90177A,CLASSIC DIAMANTE EARRINGS JET,other,14,74,0.1590909090909091,0.1728395061728395
82011A,"BATHROOM SCALES, TROPICAL BEACH",other,18,95,0.1592920353982301,0.17307692307692307
90039B,FIRE POLISHED GLASS BRACELET MONTAN,kitchen,11,58,0.15942028985507245,0.1732283464566929
90011B,BLACK CRYSTAL DROP EARRINGS,other,12,63,0.16,0.17391304347826086
17191A,ROSE FLOWER CANDLE+INCENSE 16X16CM,home decor,4,21,0.16,0.17391304347826086
84497,BUTTONS AND STRIPES NOTEBOOK ,stationery,13,68,0.16049382716049382,0.174496644295302
21344,MOROCCAN BEATEN METAL DISH,other,15,78,0.16129032258064516,0.17543859649122806
22769,CHALKBOARD KITCHEN ORGANISER,kitchen,11,57,0.16176470588235295,0.176
21777,RECIPE BOX WITH METAL HEART,home decor,12,62,0.16216216216216217,0.17647058823529413
84816,DANISH ROSE BEDSIDE CABINET,other,13,67,0.1625,0.17687074829931973
85089,CANDY SPOT BUNNY,other,14,72,0.16279069767441862,0.17721518987341772
85132b,CHARLIE AND LOLA TABLE TINS,kitchen,9,46,0.16363636363636364,0.1782178217821782
90184A,AMBER CHUNKY BEAD BRACELET W STRAP,other,13,66,0.16455696202531644,0.1793103448275862
72783,BLACK SIL'T SQU CANDLE PLATE ,home decor,16,81,0.16494845360824742,0.1797752808988764
90195A,PURPLE GEMSTONE BRACELET,other,19,95,0.16666666666666666,0.18181818181818182
84746,PINK EASTER HENS+FLOWER,home decor,14,70,0.16666666666666666,0.18181818181818182
79151B,"SILICON CUBE 25W, BLUE",other,11,55,0.16666666666666666,0.18181818181818182
37491A,YELLOW/PINK CERAMIC CANDLE HOLDER,home decor,6,30,0.16666666666666666,0.18181818181818182
84509g,SET OF 4 FAIRY CAKE PLACEMATS ,kitchen,2,10,0.16666666666666666,0.18181818181818182
84522,PINK PARTY SUNGLASSES,kitchen,20,98,0.1694915254237288,0.18518518518518517
90076,MONTANA DIAMOND CLUSTER EARRINGS,other,9,44,0.16981132075471697,0.18556701030927836
23616,SET 10 CARDS JINGLE BELLS 17217,gift/decorative,8,39,0.1702127659574468,0.18604651162790697
90001D,ANTIQUE OLIVE GREEN FLOWER EARRINGS,home decor,7,34,0.17073170731707318,0.18666666666666668
90199C,5 STRAND GLASS NECKLACE CRYSTAL,kitchen,20,96,0.1724137931034483,0.18867924528301888
79157V,UBO-LIGHT TRIOBASE PURPLE,home decor,5,24,0.1724137931034483,0.18867924528301888
23464,VINTAGE ZINC WATERING CAN SMALL,other,18,86,0.17307692307692307,0.18947368421052632
44091A,BLUE CRUSOE CHECK LAMPSHADE,home decor,9,43,0.17307692307692307,0.18947368421052632
20698,LITTLE PINK MONSTER SOFT TOY,other,17,81,0.17346938775510204,0.18994413407821228
21692,SILVER LATTICE VANILLA CANDLE POT,home decor,17,81,0.17346938775510204,0.18994413407821228
84795b,SUNSET CHECK HAMMOCK,sets,16,76,0.17391304347826086,0.19047619047619047
85109,PINK BOUDOIR T-LIGHT HOLDER,home decor,12,57,0.17391304347826086,0.19047619047619047
79149B,SILICON STAR BULB  BLUE,other,18,85,0.17475728155339806,0.19148936170212766
90032,IVORY SHELL HEART NECKLACE,home decor,21,99,0.175,0.1917808219178082
90070,RUBY GLASS CLUSTER BRACELET,kitchen,20,94,0.17543859649122806,0.19230769230769232
46000P,POLYESTER FILLER PAD 65CMx65CM,other,18,84,0.17647058823529413,0.1935483870967742
44242A,LILAC FEATHERS CURTAIN,other,12,56,0.17647058823529413,0.1935483870967742
23645,SET 10 CHRISTMAS CARDS HOHOHO 16956,gift/decorative,9,42,0.17647058823529413,0.1935483870967742
71215,METAL BASE FOR CANDLES,home decor,11,51,0.1774193548387097,0.19469026548672566
90038B,GLASS AND PAINTED BEADS BRACELET OL,kitchen,13,60,0.1780821917808219,0.19548872180451127
90059C,DIAMANTE HAIR GRIP PACK/2 MONTANA,sets,15,69,0.17857142857142858,0.19607843137254902
20695,FLORAL BLUE MONSTER,other,5,23,0.17857142857142858,0.19607843137254902
21538,DAIRY MAID  PUDDING BOWL,kitchen,5,23,0.17857142857142858,0.19607843137254902
BANK CHARGES,Bank Charges,other,12,55,0.1791044776119403,0.19672131147540983
62094B,TURQ ICE CREAM BUM BAG ,bags,19,87,0.1792452830188679,0.19689119170984457
90028,NEW BAROQUE LARGE NECKLACE BLK/WHIT,other,16,73,0.1797752808988764,0.19753086419753085
84798B,PURPLE FOXGLOVE ARTIIFCIAL FLOWER,home decor,11,50,0.18032786885245902,0.1981981981981982
90012B,BLACK DROP CRYSTAL NECKLACE,other,13,59,0.18055555555555555,0.1984732824427481
85024C,PINK SMALL JEWELLED PHOTOFRAME,home decor,12,54,0.18181818181818182,0.2
90130A,WHITE STONE/CRYSTAL EARRINGS,other,6,27,0.18181818181818182,0.2
20901,VINTAGE KEEPSAKE BOX PINK FLOWER,home decor,20,88,0.18518518518518517,0.20408163265306123
84206B,CAT WITH SUNGLASSES BLANK CARD,kitchen,5,22,0.18518518518518517,0.20408163265306123
20667,CHERRY BLOSSOM PURSE,bags,20,87,0.18691588785046728,0.20618556701030927
35909B,PINK FLOWERS RABBIT EASTER,home decor,8,34,0.19047619047619047,0.21052631578947367
85132a,CHARLIE + LOLA BISCUITS TINS,kitchen,8,34,0.19047619047619047,0.21052631578947367
84548,CROCHET BEAR RED/BLUE  KEYRING,other,22,93,0.19130434782608696,0.21153846153846154
21349,IVY HEART WREATH,home decor,18,76,0.19148936170212766,0.21176470588235294
20670,VIP HOLIDAY PURSE,bags,14,59,0.1917808219178082,0.21212121212121213
90064A,WHITE VINTAGE CRYSTAL EARRINGS,other,10,42,0.19230769230769232,0.2127659574468085
10124A,SPOTS ON RED BOOKCOVER TAPE,other,16,67,0.1927710843373494,0.21333333333333335
84415A,PINK FLOCK SUEDE CUSHION COVER ,other,12,50,0.1935483870967742,0.21428571428571427
16206B,RED PURSE WITH PINK HEART,home decor,7,29,0.19444444444444445,0.2153846153846154
90141B,IVORY PENDANT TRIPLE SHELL NECKLACE,stationery,9,37,0.1956521739130435,0.21686746987951808
35610A,PINK CHRISTMAS FLOCK DROPLET ,seasonal,10,41,0.19607843137254902,0.21739130434782608
21461,BLUE EASTER EGG HUNT START POST,seasonal,11,45,0.19642857142857142,0.21782178217821782
85031A,ROMANTIC IMAGES SCRAP BOOK SET,sets,16,65,0.19753086419753085,0.2191780821917808
84536a,ENGLISH ROSE NOTEBOOK A7 SIZE,stationery,14,56,0.2,0.2222222222222222
90177E,DROP DIAMANTE EARRINGS GREEN,other,14,56,0.2,0.2222222222222222
23613,SET 10 XMAS CARDS & BADGES 17070,gift/decorative,11,44,0.2,0.2222222222222222
90075,MONTANA DIAMOND CLUSTER NECKLACE,other,4,16,0.2,0.2222222222222222
90010A,MIDNIGHT BLUE GLASS/SILVER BRACELET,kitchen,18,71,0.20224719101123595,0.225
90059D,DIAMANTE HAIR GRIP PACK/2 PERIDOT,sets,25,98,0.2032520325203252,0.22624434389140272
90016B,GOLD/M.O.P PENDANT ORBIT NECKLACE,stationery,22,86,0.2037037037037037,0.2268041237113402
23601,SET 10 CARDS SNOWY SNOWDROPS  17100,gift/decorative,8,31,0.20512820512820512,0.22857142857142856
90094,NECKLACE+BRACELET SET FRUIT SALAD ,sets,14,54,0.20588235294117646,0.22950819672131148
23468,TUSCAN VILLA BIRD TABLE ,other,19,73,0.20652173913043478,0.23030303030303031
84033,FLAG OF ST GEORGE ,other,23,88,0.2072072072072072,0.23115577889447236
84798A,PINK FOXGLOVE ARTIIFCIAL FLOWER,home decor,23,88,0.2072072072072072,0.23115577889447236
81950V,FLOWER PURPLE CLOCK W/SUCKER,home decor,21,80,0.2079207920792079,0.23204419889502761
22125,UNION JACK HOT WATER BOTTLE ,kitchen,13,49,0.20967741935483872,0.23423423423423423
85014b,RED RETROSPOT UMBRELLA,other,25,94,0.21008403361344538,0.2347417840375587
85028S,FRENCH CHATEAU SMALL FRUITBOWL,kitchen,24,90,0.21052631578947367,0.23529411764705882
84596f,SMALL MARSHMALLOWS PINK BOWL,kitchen,16,60,0.21052631578947367,0.23529411764705882
90135,ORANGE/WHT/FUSCHIA STONES NECKLACE,other,8,30,0.21052631578947367,0.23529411764705882
23619,SET 10 CARDS POINSETTIA 17093,gift/decorative,4,15,0.21052631578947367,0.23529411764705882
DCGS0003,BOXED GLASS ASHTRAY,home decor,4,15,0.21052631578947367,0.23529411764705882
90185B,AMETHYST DIAMANTE EXPANDABLE RING,kitchen,23,86,0.21100917431192662,0.2358974358974359
90123A,PINK HEART OF GLASS BRACELET,home decor,15,56,0.2112676056338028,0.23622047244094488
90144,SILVER DROP EARRINGS WITH FLOWER,home decor,18,67,0.21176470588235294,0.23684210526315788
17007B,S/3 POT POURI CUSHIONS BLUE COLOURS,other,24,88,0.21428571428571427,0.24
84925D,LA PALMIERA WALL THERMOMETER,other,15,55,0.21428571428571427,0.24
47590b,PINK HAPPY BIRTHDAY BUNTING,kitchen,12,44,0.21428571428571427,0.24
72807a,SET/3 ROSE CANDLE IN JEWELLED BOX,home decor,8,29,0.21621621621621623,0.24242424242424243
84809B,PINK CHRYSANTHEMUMS ART FLOWER,home decor,18,65,0.21686746987951808,0.24324324324324326
84924F,PSYCHEDELIC METAL SIGN CALENDAR,home decor,10,36,0.21739130434782608,0.24390243902439024
84854,GIRLY PINK TOOL SET,sets,5,18,0.21739130434782608,0.24390243902439024
35958,FOLKART ZINC STAR CHRISTMAS DEC,seasonal,12,43,0.21818181818181817,0.24489795918367346
22415,WHITE TISSUE REAM,other,19,68,0.21839080459770116,0.24516129032258063
44092B,BLUE WHITE PLASTIC RINGS LAMPSHADE,home decor,14,50,0.21875,0.24561403508771928
90083,CRYSTAL CZECH CROSS PHONE CHARM,other,25,89,0.21929824561403508,0.24630541871921183
84984B,RED PEONY CUSHION COVER ,other,17,60,0.22077922077922077,0.24817518248175183
23449,SET OF 6 EASTER RAINBOW CHICKS,seasonal,12,42,0.2222222222222222,0.25
40005B,BLUE ORGANDY ROUND LAMPSHADE W BEA,home decor,12,42,0.2222222222222222,0.25
90214U,"LETTER ""U"" BLING KEY RING",other,12,42,0.2222222222222222,0.25
21357,TOAST ITS - DINOSAUR,other,19,66,0.2235294117647059,0.25165562913907286
71496B,A4 WALL TIDY RED FLOWERS,home decor,13,45,0.22413793103448276,0.2524271844660194
84857B,BLUE MONTE CARLO HANDBAG,bags,24,83,0.22429906542056074,0.25263157894736843
85084,HOLLY TOP CHRISTMAS STOCKING,seasonal,20,69,0.2247191011235955,0.25316455696202533
47013A,WINE BOTTLE DRESSING LT.BLUE,kitchen,14,48,0.22580645161290322,0.2545454545454545
85206B,PINK FELT EASTER EGG BASKET,seasonal,14,48,0.22580645161290322,0.2545454545454545
23627,SET 10 CARDS XMAS GRAPHIC  17218,gift/decorative,7,24,0.22580645161290322,0.2545454545454545
85092,CANDY SPOT TEA COSY,kitchen,27,92,0.226890756302521,0.2559241706161137
90082B,DIAMANTE BOW BROOCH RED COLOUR,other,27,92,0.226890756302521,0.2559241706161137
16161M,WRAP  PINK FLOCK,gift/decorative,25,85,0.22727272727272727,0.2564102564102564
18097A,PINK TALL PORCELAIN T-LIGHT HOLDER ,home decor,5,17,0.22727272727272727,0.2564102564102564
37488A,YELLOW PINK FLOWER DESIGN BIG BOWL,home decor,28,95,0.22764227642276422,0.25688073394495414
62074B,ELEPHANT CLIP W SUCTION CUP,kitchen,16,54,0.22857142857142856,0.25806451612903225
90099,NECKLACE+BRACELET SET BLUE HIBISCUS,sets,27,91,0.2288135593220339,0.2583732057416268
84732D,CUTE RABBIT CEATURE SCREEN ,other,11,37,0.22916666666666666,0.25882352941176473
90040B,MURANO STYLE GLASS BRACELET BLACK,kitchen,18,60,0.23076923076923078,0.2608695652173913
90036A,FLOWER GARLAND NECKLACE RED,home decor,6,20,0.23076923076923078,0.2608695652173913
85132c,CHARLIE AND LOLA FIGURES TINS,kitchen,3,10,0.23076923076923078,0.2608695652173913
84715,SET OF 6 ICE CREAM SKITTLES,sets,16,53,0.2318840579710145,0.26229508196721313
79066k,RETRO MOD TRAY,kitchen,17,56,0.2328767123287671,0.26356589147286824
90163B,WHITE ROSEBUD & PEARL NECKLACE,other,7,23,0.23333333333333334,0.2641509433962264
84751B,BLACK MEDIUM GLASS CAKE STAND,kitchen,19,62,0.2345679012345679,0.26573426573426573
84559b,3D SHEET OF CAT STICKERS,stationery,23,75,0.23469387755102042,0.2658959537572254
22765,NEWSPAPER STAND,stationery,27,88,0.23478260869565218,0.2660098522167488
84415B,BLUE FLOCK CUSHION COVER ,other,8,26,0.23529411764705882,0.26666666666666666
79323P,PINK CHERRY LIGHTS,home decor,4,13,0.23529411764705882,0.26666666666666666
23636,SET 10 CARDS WISHING TREE 17116,gift/decorative,9,29,0.23684210526315788,0.26865671641791045
90098,NECKLACE+BRACELET PINK BUTTERFLY,other,29,93,0.23770491803278687,0.26976744186046514
90182B,AMETHYST 3 BEAD DROP EARRINGS,other,5,16,0.23809523809523808,0.2702702702702703
35265,COLOURFUL FLOWER FRUIT BOWL,home decor,17,54,0.23943661971830985,0.272
47589,CONGRATULATIONS BUNTING,kitchen,13,41,0.24074074074074073,0.2736842105263158
84551,CROCHET DOG KEYRING,other,13,41,0.24074074074074073,0.2736842105263158
84796a,PINK HAWAIIAN PICNIC HAMPER FOR 2,other,17,53,0.24285714285714285,0.2764227642276423
62097B,BLUE STRIPES SHOULDER BAG,bags,9,28,0.24324324324324326,0.27692307692307694
90036C,"FLOWER GLASS GARLAND NECKL.36""BLUE",home decor,9,28,0.24324324324324326,0.27692307692307694
90082A,DIAMANTE BOW BROOCH GREEN COLOUR,other,30,93,0.24390243902439024,0.2777777777777778
90039D,FIRE POLISHED GLASS BRACELET GREEN,kitchen,21,65,0.2441860465116279,0.2781456953642384
84247K,"FOLK ART GREETING CARD,pack/12",kitchen,23,71,0.24468085106382978,0.2787878787878788
79026B,"S/4 ICON COASTER,ELVIS LIVES",other,25,77,0.24509803921568626,0.27932960893854747
35647,VINTAGE BEAD PINK SHADE ,other,13,40,0.24528301886792453,0.27956989247311825
90040C,MURANO STYLE GLASS BRACELET GOLD,kitchen,15,46,0.2459016393442623,0.2803738317757009
10124G,ARMY CAMO BOOKCOVER TAPE,other,17,52,0.2463768115942029,0.2809917355371901
90183B,AMETHYST DROP EARRINGS W LONG BEADS,other,21,64,0.24705882352941178,0.28187919463087246
81953P,ROUND ARTICULATED PINK CLOCK W/SUCK,home decor,28,85,0.24778761061946902,0.2828282828282828
84907,PINK YELLOW PATCH CUSHION COVER,other,29,87,0.25,0.2857142857142857
84872a,TEATIME FUNKY FLOWER BACKPACK FOR 2,home decor,26,78,0.25,0.2857142857142857
90133,TEAL/FUSCHIA COL BEAD NECKLACE,kitchen,19,57,0.25,0.2857142857142857
90180A,BLACK+WHITE NECKLACE W TASSEL,other,17,51,0.25,0.2857142857142857
21761,WOOD AND GLASS MEDICINE CABINET,kitchen,10,30,0.25,0.2857142857142857
90123B,TURQUOISE HEART OF GLASS BRACELET,home decor,9,27,0.25,0.2857142857142857
90120A,PINK MURANO TWIST BRACELET,other,7,21,0.25,0.2857142857142857
90214W,"LETTER ""W"" BLING KEY RING",other,16,47,0.25396825396825395,0.2909090909090909
44089A,PINK GAUZE BUTTERFLY LAMPSHADE,home decor,15,44,0.2542372881355932,0.2912621359223301
90005A,JADE GREEN ENAMEL HAIR COMB,other,14,41,0.2545454545454545,0.2916666666666667
84709B,PINK OVAL JEWELLED MIRROR,home decor,20,58,0.2564102564102564,0.29411764705882354
90181B,AMETHYST GLASS/SHELL/PEARL NECKLACE,kitchen,15,43,0.25862068965517243,0.297029702970297
72802a,ROSE SCENT CANDLE IN JEWELLED BOX,home decor,7,20,0.25925925925925924,0.2978723404255319
15056p,EDWARDIAN PARASOL PINK,other,33,94,0.25984251968503935,0.2986425339366516
20701,PINK CAT FLORAL CUSHION COVER ,other,25,71,0.2604166666666667,0.2994011976047904
84803B,WHITE ALLIUM  ARTIFICIAL FLOWER,home decor,17,48,0.26153846153846155,0.3008849557522124
81953B,ROUND BLUE CLOCK WITH SUCKER,home decor,11,31,0.2619047619047619,0.3013698630136986
90003C,MIDNIGHT BLUE PAIR HEART HAIR SLIDE,home decor,32,90,0.26229508196721313,0.3018867924528302
90118,PINK DAISY BAG CHARM,bags,30,84,0.2631578947368421,0.30303030303030304
72369A,PINK CLEAR GLASS CANDLE PLATE,home decor,30,84,0.2631578947368421,0.30303030303030304
90157,RIVIERA NECKLACE,other,10,28,0.2631578947368421,0.30303030303030304
90029,NEW BAROQUE SMALL NECKLACE BLACK,other,5,14,0.2631578947368421,0.30303030303030304
84016,FLAG OF ST GEORGE CAR FLAG,other,27,75,0.2647058823529412,0.3050847457627119
90168,2 DAISIES HAIR COMB,other,18,50,0.2647058823529412,0.3050847457627119
85189,HANGING BUTTERFLY  EGG,other,9,25,0.2647058823529412,0.3050847457627119
90129C,GREEN GLASS TASSLE BAG CHARM,kitchen,35,97,0.26515151515151514,0.3056768558951965
84707B,PINK JEWELLED MIRROR TRINKET TRAY,home decor,34,94,0.265625,0.3063063063063063
84086B,YELLOW/BLUE RETRO RADIO,other,16,44,0.26666666666666666,0.3076923076923077
79329,PINK FLOCK GLASS CANDLEHOLDER,home decor,12,33,0.26666666666666666,0.3076923076923077
90064B,BLACK VINTAGE  CRYSTAL EARRINGS,other,12,33,0.26666666666666666,0.3076923076923077
84968e,SET OF 16 VINTAGE BLACK CUTLERY,kitchen,8,22,0.26666666666666666,0.3076923076923077
90124A,PINK MURANO TWIST NECKLACE,other,8,22,0.26666666666666666,0.3076923076923077
84660a,WHITE STITCHED WALL CLOCK,home decor,4,11,0.26666666666666666,0.3076923076923077
37489B,BLUE/YELLOW FLOWER DESIGN BIG MUG,home decor,31,85,0.2672413793103448,0.30845771144278605
21392,RED POLKADOT PUDDING BOWL,kitchen,34,93,0.2677165354330709,0.3090909090909091
44092C,PURPLE/COPPER HANGING LAMPSHADE,home decor,22,60,0.2682926829268293,0.30985915492957744
90000B,MIDNIGHT BLUE COPPER FLOWER NECKLAC,home decor,11,30,0.2682926829268293,0.30985915492957744
21269,ANTIQUE CREAM CUTLERY SHELF ,home decor,29,79,0.26851851851851855,0.31016042780748665
21336,GOLD WASHBAG,bags,27,73,0.27,0.31213872832369943
90190C,SILVER/AMETHYST DROP EARRINGS LEAF,other,20,54,0.2702702702702703,0.3125
35271S,GOLD PRINT PAPER BAG,bags,19,51,0.2714285714285714,0.3140495867768595
90003B,ROSE COLOUR PAIR HEART HAIR SLIDES,home decor,15,40,0.2727272727272727,0.3157894736842105
16207B,PINK HEART RED HANDBAG,home decor,29,77,0.27358490566037735,0.31693989071038253
84270,ASSTD DESIGN BUBBLE GUM RING,home decor,17,45,0.27419354838709675,0.3177570093457944
90130C,GREEN STONE/CRYSTAL EARRINGS,other,14,37,0.27450980392156865,0.3181818181818182
90214T,"LETTER ""T"" BLING KEY RING",other,24,63,0.27586206896551724,0.32
90059B,DIAMANTE HAIR GRIP PACK/2 BLACK DIA,sets,16,42,0.27586206896551724,0.32
23607,SET 10 CARDS HATS & STOCKINGS 17081,gift/decorative,8,21,0.27586206896551724,0.32
35443,RASTA IN BATH W SPLIFF ASHTRAY,kitchen,8,21,0.27586206896551724,0.32
84910A,PINK PAISLEY CUSHION COVER ,other,26,68,0.2765957446808511,0.32098765432098764
21364,PEACE SMALL WOOD LETTERS,other,30,78,0.2777777777777778,0.3225806451612903
90120D,WHITE MURANO TWIST BRACELET,other,10,26,0.2777777777777778,0.3225806451612903
90122A,PINK CRYSTAL+GLASS BRACELET,kitchen,22,57,0.27848101265822783,0.3235294117647059
72812,LARGE ZINC GLASS CANDLEHOLDER,home decor,34,88,0.2786885245901639,0.3238095238095238
84685,BEACH HUT KEY CABINET,other,34,88,0.2786885245901639,0.3238095238095238
90161A,ANT COPPER RED BOUDICCA BRACELET,other,24,62,0.27906976744186046,0.32432432432432434
46115B,GREEN POP ART MAO CUSHION COVER ,other,12,31,0.27906976744186046,0.32432432432432434
20662,FIRST CLASS HOLIDAY PURSE ,bags,31,80,0.27927927927927926,0.32460732984293195
84906,PINK B'FLY C/COVER W BOBBLES,other,35,90,0.28,0.32558139534883723
90036E,"FLOWER GLASS GARLD NECKL36""AMETHYST",home decor,14,36,0.28,0.32558139534883723
90059E,DIAMANTE HAIR GRIP PACK/2 RUBY,sets,25,64,0.2808988764044944,0.32679738562091504
85014a,BLACK/BLUE POLKADOT UMBRELLA,other,18,46,0.28125,0.32727272727272727
23625,SET 6 CARDS SPARKLY REINDEER 17262,gift/decorative,9,23,0.28125,0.32727272727272727
44089C,LILAC GAUZE BUTTERFLY LAMPSHADE,home decor,24,61,0.2823529411764706,0.3287671232876712
84510E,SET OF 4 GREEN CAROUSEL COASTERS,sets,34,85,0.2857142857142857,0.3333333333333333
90063A,WHITE VINT ART DECO CRYSTAL NECKLAC,other,12,30,0.2857142857142857,0.3333333333333333
90141A,GREEN PENDANT TRIPLE SHELL NECKLACE,stationery,12,30,0.2857142857142857,0.3333333333333333
35809B,ENAMEL BLUE RIM TEA CONTAINER,kitchen,8,20,0.2857142857142857,0.3333333333333333
90043,COPPER AND BRASS BAG CHARM,bags,4,10,0.2857142857142857,0.3333333333333333
22827,RUSTIC  SEVENTEEN DRAWER SIDEBOARD,home decor,35,87,0.28688524590163933,0.3349282296650718
37471,MULTICOLOUR POLKADOT PLATE,kitchen,29,72,0.2871287128712871,0.3352601156069364
37489D,PINK/GREEN FLOWER DESIGN BIG MUG,home decor,40,99,0.28776978417266186,0.33613445378151263
84549,CROCHET WHITE RABBIT KEYRING ,other,38,94,0.2878787878787879,0.336283185840708
90089,PINK CRYSTAL SKULL PHONE CHARM,other,32,79,0.2882882882882883,0.3368421052631579
16162M,THE KING GIFT BAG 25x24x12cm,bags,28,69,0.28865979381443296,0.3373493975903614
79071B,ENGLISH ROSE METAL WASTE BIN,other,20,49,0.2898550724637681,0.3389830508474576
90038C,GLASS AND BEADS BRACELET IVORY,kitchen,9,22,0.2903225806451613,0.33962264150943394
90063B,BLACK VINT ART DEC CRYSTAL NECKLACE,other,9,22,0.2903225806451613,0.33962264150943394
90147,CHUNKY SILVER NECKLACE PASTEL FLOWE,other,32,78,0.2909090909090909,0.3404255319148936
90182C,BLACK 3 BEAD DROP EARRINGS,other,14,34,0.2916666666666667,0.34146341463414637
84206A,3 BLACK CATS W HEARTS BLANK CARD,home decor,24,58,0.2926829268292683,0.34285714285714286
90204,PAIR OF ENAMEL BUTTERFLY HAIRCLIP,other,29,70,0.29292929292929293,0.3431952662721893
90202B,WHITE ENAMEL FLOWER HAIR TIE,home decor,17,41,0.29310344827586204,0.3434343434343434
90173,PAIR BUTTERFLY HAIR CLIPS,other,32,77,0.29357798165137616,0.34408602150537637
21686,MEDINA STAMPED METAL STOOL,other,35,84,0.29411764705882354,0.3448275862068966
72132,COLUMBIAN CUBE CANDLE,home decor,28,67,0.29473684210526313,0.345679012345679
20798,CLEAR MILKSHAKE GLASS,kitchen,36,86,0.29508196721311475,0.34615384615384615
90214P,"LETTER ""P"" BLING KEY RING",other,39,93,0.29545454545454547,0.3466666666666667
35610B,BLACK CHRISTMAS FLOCK DROPLET ,seasonal,24,57,0.2962962962962963,0.34782608695652173
84247N,PACK/12 BLUE FOLKART CARDS,gift/decorative,22,52,0.2972972972972973,0.3492063492063492
16162L,THE KING GIFT BAG,bags,20,47,0.29850746268656714,0.3508771929824561
90205C,LARGE CRYSTAL DIAMANTE HAIRSLIDE,other,29,68,0.29896907216494845,0.3515151515151515
